{"cameraMode":{"drawMode":0,"name":"Shaded","section":"Shading Mode"},"sceneLighting":true,"audioPlay":false,"sceneViewState":{"showFog":true,"showMaterialUpdate":false,"showSkybox":true,"showFlares":true,"showImageEffects":true,"showParticleSystems":true},"in2DMode":false,"pivot":{"x":-0.41878652572631838,"y":0.975670337677002,"z":-96.04754638671875},"rotation":{"x":-0.3197941780090332,"y":-0.21706844866275788,"z":0.0755198672413826,"w":-0.9191922545433044},"size":8.773965835571289,"orthographic":false}