{"cameraMode":{"drawMode":0,"name":"Shaded","section":"Shading Mode"},"sceneLighting":true,"audioPlay":false,"sceneViewState":{"showFog":true,"showMaterialUpdate":false,"showSkybox":true,"showFlares":true,"showImageEffects":true,"showParticleSystems":true},"in2DMode":false,"pivot":{"x":0.5790936946868897,"y":1.466766119003296,"z":-97.05518341064453},"rotation":{"x":-0.12529000639915467,"y":0.26789548993110659,"z":-0.035159964114427569,"w":-0.9546224474906921},"size":1.006861686706543,"orthographic":false}