{"cameraMode":{"drawMode":0,"name":"Shaded","section":"Shading Mode"},"sceneLighting":true,"audioPlay":false,"sceneViewState":{"showFog":true,"showMaterialUpdate":false,"showSkybox":true,"showFlares":true,"showImageEffects":true,"showParticleSystems":true},"in2DMode":false,"pivot":{"x":3.1849522590637209,"y":11.95790958404541,"z":-102.4294204711914},"rotation":{"x":0.10426685959100723,"y":-0.12614886462688447,"z":0.01336592249572277,"w":0.9864755868911743},"size":10.0,"orthographic":false}